{
  "name": "angular-animate",
  "version": "1.5.0",
  "license": "MIT",
  "main": "./angular-animate.js",
  "ignore": [],
  "dependencies": {
    "angular": "1.5.0"
  },
  "homepage": "https://github.com/angular/bower-angular-animate",
  "_release": "1.5.0",
  "_resolution": {
    "type": "version",
    "tag": "v1.5.0",
    "commit": "19b035b16ccf4b1db231207b9453f4a8df0d4a09"
  },
  "_source": "https://github.com/angular/bower-angular-animate.git",
  "_target": "1.5.0",
  "_originalSource": "angular-animate"
}